key,method,path,origin,summary,description,inputs,bound_intents,regex_domain,action,domain_corrected,entity
86531629fe43208ba07dc5fb924bb4a9cc7779e0326fcb0c2599f139087e7e5c,POST,/api/site/renew,https://stableupload.dev,Renew a site for count x the original tier retention window. Price = tier price x count.,,uploadId | tier | count,cloud.domains,shop,provision,storage,Webpage
4806a51ac5e35db65b89c7df21699179da5d49595e93464894ef6065b0402398,POST,/api/site/domain,https://stableupload.dev,Connect a custom domain to a site. Creates TLS cert and routes the hostname to the site.,,uploadId | hostname,cloud.domains,,provision,cloud,Webpage
ede33d0612c326e246f43ea066bc030dfec031caeab75040e887b914d47156b3,DELETE,/api/site/domain,https://stableupload.dev,Detach a custom domain from a site.,,uploadId,cloud.domains,,provision,cloud,Webpage
ff647bd3a7860d73f3ee6556c062f50fb2a41b8f6a5f0c3fead2d081fa9b3c97,GET,/ui/custom-domain/pay/register,https://mail.cusethejuice.com,"""Register a custom domain (annual x402, browser flow) ($10 via x402)""","""Register a custom domain (annual x402, browser flow).""",,cloud.domains,,provision,cloud,Domain
d885899e628517c4114cac1c26230288da50d1064f275eaa00f7b002d7ec5b3b,GET,/ui/domain-admin/pay/login,https://mail.cusethejuice.com,Domain administrator login (x402 pay step) ($0.01 via x402),Domain administrator login (x402 pay step).,,cloud.domains,,execute,cloud,Domain
e1c0d7c56b759bb2909b5b4f5daa21120077516b589f35510b3d1b5c18432e4d,GET,/api/hotels/ratings,https://stabletravel.dev,Get hotel sentiment ratings and reviews,,hotelIds,travel.place_reviews,travel,lookup,,
ad81cd8b3a091955b61179d3cbb6222064b19ae4ac998c9831b391b15654855d,GET,/api/hotels/search/by-hotel,https://stabletravel.dev,Search hotel offers for a specific hotel,,hotelId | adults | checkInDate | checkOutDate | countryOfResidence | priceRange | currencyCode | paymentPolicy | boardType | includeClosed | bestRateOnly | lang,travel.place_reviews,travel,search,,
a2ae87ff20b013fc770e52dd54a7072e61d59399dcc51ed0566dd14d92f55f54,GET,/api/hotels/autocomplete,https://stabletravel.dev,Autocomplete hotel names,,keyword | subType | countryCode | lang | max,travel.place_reviews,travel,search,,
8eb46f0074fbc4c9fa8cb5bbd603ab2c1fd8e54298ab75fb85836719467149a6,POST,/api/hotels/book,https://stabletravel.dev,Create a hotel booking order,,data,travel.place_reviews,travel,provision,,
b96444f44daea5e28ae6ddae1e2a53122853bd704f0a2dfea99f9a5c7aa1be1d,GET,/api/hotels/list,https://stabletravel.dev,List hotels by city code,,cityCode | radius | radiusUnit | chainCodes | amenities | ratings | hotelScore | max,travel.place_reviews,,lookup,travel,
f22ed30f1d5ff6cea944a9801c151a584dddbabcc00b7e83ebc048682f60190a,GET,/api/hotels/offer,https://stabletravel.dev,Get details of a specific hotel offer,,offerId,travel.place_reviews,travel,lookup,,
8aee7c4a91daf124aec7245dbc2698bf661786915ea9c8fb129b06e95e68e590,GET,/api/hotels/search,https://stabletravel.dev,Search hotel offers by hotel IDs,,hotelIds | adults | checkInDate | checkOutDate | countryOfResidence | priceRange | currencyCode | paymentPolicy | boardType | includeClosed | bestRateOnly | lang,travel.place_reviews,travel,search,,
6e7461db04258ee45a356a7fea60c7062ca5e75b2986db629b3b8fcf19c8ea12,GET,/ens/v1/subname/ens,https://api.justaname.id,Get all by ENS Domain,Retrieves all subnames associated with the provided ens domain,ensDomain | chainId | page | limit | isClaimed,cloud.domains,,lookup,cloud,Domain
150dffb275822e140d595c39886fafa9ad1ff9bbf8af30766e758307b7dec46b,POST,/v1/capabilities,https://api.agentinternetruntime.com,Capability Endpoint (SDK/x402 only),Legacy capability endpoint reserved for SDK orchestration and direct x402 payment. Standard platform API keys should use /v1/air instead.,domain | intent | limit | max_per_domain | min_confidence,cloud.domains,,lookup,cloud,
c2dd4e2fe3f934474fd2901ee5a4b0f33490ccdaff70aee702c48d0a0e8cd696,GET,/v1/agentjson,https://api.agentinternetruntime.com,Agent.json Index,"""Query the agent.json index for a domain. Site-published manifests are free, while AIR-generated manifests require auth or payment.""",domain,cloud.domains,analyst,lookup,web,
dc16eab8d0d18661138f68f411f33c3b1d725b1ae256d32194f1aa9ffcab4e59,GET,/ecom/reviews,https://api.cn402.com,"""Get Amazon product reviews by ASIN or URL: review text, star rating, title, author, date, verified-purchase and Vine fla""","""Get Amazon product reviews by ASIN or URL: review text, star rating, title, author, date, verified-purchase and Vine flags, helpful votes and variant, plus the product star-rating breakdown. Async: a first call with asin returns a snapshot id (collection ~40s); call again with that snapshot to fetch reviews. For review mining, sentiment, complaint detection and competitor weakness analysis. 亚马逊评论挖""",asin | url | max_reviews | domain | snapshot,travel.place_reviews,shop,lookup,,
010aafe8720ea486ee692a32ec9fd43dc5e5073a63008f7a269dfa40ceabbfa6,POST,/v1/tools/email/domains/{domain}/resume,https://win.oneshotagent.com,Resume a paused domain,Resume a paused domain,domain,cloud.domains,comms,provision,cloud,Mailbox
5f06cd46211ff53471fa8ba92c80999097d41045abc1faab208dc22a62cb1cd2,POST,/review-sentiment-analysis,https://x402.agentutility.ai,Review sentiment analysis API,"""Review sentiment analysis API / product review sentiment / app-store review classifier. Same backend as sentiment-analysis, listed for agents scoring product reviews with overall sentiment, emotion probabilities, confidence, and optional aspect scores.""",text | aspects,travel.place_reviews,shop,analyze,,
868a0cd1699bb0f9e7aa9c4078f768007349cd8676710909442cf66098846a19,POST,/domain-suggest,https://x402.agentutility.ai,Brandable domain suggester,"""Brandable domain suggester / startup-name brainstormer / product-name proposer / domain candidate generator. LLM brainstorms N short brandable candidates fitting a concept + tone, then verifies TLD availability across up to 6 TLDs via in-process domain-availability lookups. Returns candidates ranked by # available TLDs then brandability score, with per-TLD registrar info for each candidate. Pair w""",concept | count | tlds | tone,cloud.domains,shop,generate,cloud,Domain
5e590a1a15bcf393ce4017c41c29dcad82d7d6f104b1a3bdc863245544150b3b,POST,/business-name-generator,https://x402.agentutility.ai,Business name generator,"""Business name generator / company name ideas / brandable domain generator. Same backend as domain-suggest, exposed under the broad buyer wording for new business workflows. Brainstorms short brandable candidates for a concept, checks TLD availability, and ranks by available domains plus brandability score.""",concept | count | tlds | tone,cloud.domains,data,generate,cloud,Domain
b06c6578360ace3e176cb880e3d074345a6e1ad9581e4b9fc83eafc2e8542420,POST,/domain-name-generator,https://x402.agentutility.ai,Domain name generator,Domain name generator / available domain ideas / startup domain finder. Same backend as domain-suggest. Brainstorms domain-friendly names from a concept and checks RDAP availability across allowed TLDs.,concept | count | tlds | tone,cloud.domains,,generate,cloud,Domain
002e50bc4bbb4716abc08791c5ba7654036e93c7f2893435f0ed506469995221,POST,/domain-renewal-monitor,https://x402.agentutility.ai,Domain renewal monitor API,"""Domain renewal monitor API / expiration date checker / vendor domain expiry watch. Same RDAP backend as whois-lookup, discoverable for agents tracking renewal deadlines, registrar metadata, nameservers, and expiring-soon risk flags.""",domain | include_certificates,cloud.domains,data,monitor,cloud,Domain
8095b6c3ceeaa2b5be2f95d193dd5432fe5da90c0247257a50a2631d92c71fdb,POST,/ecommerce-review-sentiment,https://x402.agentutility.ai,Ecommerce review sentiment API,"""Ecommerce review sentiment API / marketplace review classifier / product feedback scorer. Same backend as sentiment-analysis, discoverable for agents scoring reviews by product aspect, emotion, and escalation risk.""",text | aspects,travel.place_reviews,shop,analyze,,
e4974add6b8bd7b307cf06c04424eb4dfb8017d7395009cf1f90c0ee7f4675db,POST,/restaurant-review-sentiment,https://x402.agentutility.ai,Restaurant review sentiment API,"""Restaurant review sentiment API / hospitality feedback classifier / food-service review scorer. Same sentiment-analysis backend, listed for agents classifying guest reviews by food, service, ambience, price, and return-intent aspects.""",text | aspects,travel.place_reviews,shop,analyze,,
ab27775367640d1d94a9e4d677e4722aa08a888e095ceedb372956021b7e1c1a,POST,/hotel-review-sentiment,https://x402.agentutility.ai,Hotel review sentiment API,"""Hotel review sentiment API / travel review classifier / guest feedback scorer. Same sentiment-analysis backend, exposed for agents classifying hotel, short-term rental, and travel experience reviews by cleanliness, location, staff, amenities, and value.""",text | aspects,travel.place_reviews,travel,analyze,,
5a3a45f77f36a83fd814c13ac95ac08be8faa954d46bf173c196996374ecf2f1,POST,/app-review-sentiment,https://x402.agentutility.ai,App review sentiment API,"""App review sentiment API / mobile app feedback classifier / store review analyzer. Same sentiment-analysis backend, listed for agents scoring app-store reviews by onboarding, stability, pricing, performance, and feature requests.""",text | aspects,travel.place_reviews,shop,analyze,,
d6b4fb605a3b47b68b74e10bbbdc1f91950edba10cdce8bc15c60aa5cc469147,GET,/x402/product-reviews-extract,https://api.strale.io,Product Reviews Extract (x402),"""Extract product reviews from Amazon, Trustpilot, or any review page. Returns rating distribution, pros/cons, sentiment.""",url,travel.place_reviews,shop,extract,,
d27c4e7daba7be64bf2c9230da28d9e8d620f0333e6b686e6a20f2eb7d26cc59,POST,/bulk-domain/check,https://netintel.dev,Check availability of many domain names across multiple TLDs in a single call — submit up to 50…,,names | tlds,cloud.domains,,lookup,cloud,Domain
c0680954ae7f96e224790960f06a89cf246c8dce0433c3bcea4d3d189e044382,GET,/domain-appraise/estimate,https://netintel.dev,"""Estimate the market value tier of a domain name using transparent heuristics — length, TLD premium,…""",,domain,cloud.domains,finance,analyze,cloud,Domain
205ba05c7758fe29b21d0267969a9939f96a9047a69751b65dc0e84050c9b14f,GET,/tld-price/compare,https://netintel.dev,"""Compare registration, renewal, and transfer prices for a TLD across major registrars, or for a…""",,tld | name,cloud.domains,shop,compare,cloud,Domain
d3765b5ec2d7a97f22bf127754be18b919523f4778d344f15cf2f7e1a023d4a2,GET,/typosquat/scan,https://netintel.dev,Generate common typo and look-alike variations of a domain and check which are already registered —…,,domain | limit,cloud.domains,ai,analyze,cloud,Domain
9471757c0d1aace3c23faf94a4f5f1ddfd34b66ae0ea66161e9fd5c8f6b1a649,GET,/domain-due-diligence,https://netintel.dev,"""One call combines domain availability, heuristic value appraisal, and TLD pricing into a single…""",,domain,cloud.domains,,analyze,cloud,Domain
b4a149c9f92a6114d367863192c75062bb218092e2faa88cf08b96bc2d2e0e70,GET,/api/travel-pulse,https://travel-agent.forgemesh.io,Live paid travel pulse,,lat | lon | radius_miles | lookback_hours | trip_phase | signal_types | water_site,travel.place_reviews,travel,lookup,,
f479d0ce432ff9673309c94c058b278d9da88bed87fef77bda53190aee32b104,POST,/custom-domains,https://api.stacktr.ee,Add a custom domain.,,hostname | site_id,cloud.domains,,provision,cloud,Domain
e090e7ebb6fac09797b89f2eea05edee7ebb43b6c0ac0ef5aaea5b43c94abe2c,POST,/api/lock/renew,https://2s.io,"""LOCK: extend a lock you hold, scoped to YOUR wallet.""","""LOCK: extend a lock you hold, scoped to YOUR wallet. Pass the key + the token you got from lock.acquire and a new ttlSeconds. Returns { renewed:true } only if your token still matches (you can't extend someone else's lock). Use it to keep a long-running critical section locked. Private to your wallet (the x402 payer).""",trial | key | token | ttlSeconds,cloud.domains,crypto,provision,compute,
e931be333a01049ba24e8c6c5c39f31bdf3573c9f526a47799f77faea11a8229,POST,/api/watchers/whois,https://2s.io,WATCHER: get a signed callback when a domain's WHOIS...,"""WATCHER: get a signed callback when a domain's WHOIS registration changes — registrar, expiry, or status. Arm once, pay once. Pass domain. Fires on any WHOIS change (e.g. transfer, renewal, expiry shift); bounded by maxFires/expiry. The record at arm time is baselined. Useful for catching domain transfers/expiries or monitoring a brand. Signed (verify offline) + retried; recoverable via watchers.s""",trial | domain | callbackUrl | payload | expiresInSeconds | maxFires | label,cloud.domains,marketing,monitor,cloud,Domain
b121cf3bfbfc81bc69e3d81960527eb0d7dabccba7a2641f97e3383db893d08b,POST,/review,https://api.babyblueviper.com,Review,,artifact | artifact_type | context | concerns | severity_threshold | include_trading_state | sign | seed,travel.place_reviews,travel,analyze,devtools,
a05f013da60755aeefe62563e5777a4615a9b7ec9f481dee2872d37883407ca5,POST,/review/external,https://api.babyblueviper.com,Review External,,artifact | artifact_type | context | concerns | severity_threshold | include_trading_state | sign | seed,travel.place_reviews,travel,analyze,devtools,
cd0952693730b0b8153c69caf3328a804423af26dfa3a953387a3d612f577d06,POST,/scan/deep,https://supership.crestsystems.ai,Deep AI-powered security review. PAID $15.,,files,travel.place_reviews,travel,analyze,devtools,
65ebf81750b6a2d3e36d2291efe680507b66e5b6a29986012f570524f1e023f4,POST,/v1/uploads/{id}/renew,https://api.munition.io,Renew a direct x402 upload,"""Munition Upload Renew: x402-paid direct HTTP renewal for an existing Munition direct-upload file. Pay 0.005 USDC via x402 on Base, Polygon, Arbitrum, or Solana to extend the public files.munition.io link by 7 days, up to 30 days from the original upload time.""",id,cloud.domains,crypto,provision,storage,Document
fc7e4109a9900f79fbf669e5c0c24557938dddeb0c2171e9b0a220e25998a018,GET,/api/risk/travel,https://riskpulse-five.vercel.app,Travel safety assessment,"""Advisory level (1-4), crime and health risks, entry requirements, safe/avoid areas, emergency contacts, and travel insurance recommendations.""",country | nationality | lang,travel.place_reviews,travel,analyze,,
7616a1435e22f0ee731e71b5ef634fe4d71e98309e09f6d67509c9035851153f,POST,/api/attractions/details,https://stabletickets.dev,Get Ticketmaster attraction details by attraction ID,,id | locale | domain,travel.place_reviews,,lookup,travel,
8a531d94a7c4190fc33425caa02c4ef5e8281c6daf88091edbf834e3a06e2f71,POST,/api/attractions/search,https://stabletickets.dev,"""Search Ticketmaster attractions such as artists, teams, and performers""",,keyword | locale | source | includeTest | size | page | sort | domain | id | classificationId | segmentId | genreId | subGenreId | preferredCountry,travel.place_reviews,,search,travel,
0c84c8ac184bdc957514a89908e1dd6e476355bf7fa83c4ee9f64155fb4619d9,GET,/api/x402/domain-intel-json,https://lionx402.com,lion_domain_intel,"""Keyless domain & trust intelligence - no API key, no signup, payment is the only gate. Pass a domain (?domain=stripe.com) and get ONE structured JSON of mechanical trust + web-tech signals to gate a counterparty before trusting it: DNS (A/AAAA/MX/NS, has_spf, has_dmarc, txt_count via Cloudflare DNS-over-HTTPS), HTTP (status, server, powered_by, https_enforced, security headers HSTS/CSP/X-Frame/X-C""",domain,cloud.domains,cloud,analyze,cloud,Domain
61b6290fa481936bdab009d46bad0c3752fe895cb35aa16a2dcc9c78e664d872,GET,/v1/tools/domain-extract,https://gpt55.558686.xyz,Extract host and naive domain parts using x402 USDC payment via GET,"""Extract hostname, labels, subdomain, and a naive last-two-label registrable domain from a URL or hostname without DNS or upstream model calls. GET variant for agents and crawlers that prefer query parameters over a JSON body. Requires either Authorization: Bearer <key> or Pay up to $0.0001 per request with x402 USDC on Base. Exact fixed-price payment and upto token-metered payment are both accepte""",url | hostname,cloud.domains,crypto,extract,cloud,Domain
752d4a8a9039b3c430f02ea65935b6bf5e3837e75562aca48aea26ed52345c56,POST,/v1/tools/domain-extract,https://gpt55.558686.xyz,Extract host and naive domain parts using x402 USDC payment,"""Extract hostname, labels, subdomain, and a naive last-two-label registrable domain from a URL or hostname without DNS or upstream model calls. Requires either Authorization: Bearer <key> or Pay up to $0.0001 per request with x402 USDC on Base. Exact fixed-price payment and upto token-metered payment are both accepted when clients support them; upto settlements use actual response usage, a 0.0001 m""",url | hostname,cloud.domains,crypto,extract,cloud,Domain
af617ef27e0596109953bc82867709446e8b9445dd4d38bbf75024be51b6261a,POST,/api/sc/tiktok/shop/product/reviews,https://socialx402.com,Scrape Creators · TikTok — Product Reviews,,url | product_id | region | page,travel.place_reviews,shop,lookup,,
a4ffb7abee58e98f38e05efbc08783e9dbd08113788d888c279a9d41644b4c4b,GET,/autopilot/review,https://api.dropspace.dev,list drafts awaiting approval (review mode),each item is a draft launch - edit it first with PATCH /launches/:id if needed,page | page_size,travel.place_reviews,travel,lookup,marketing,
24a6b3e228b9867d8ec60a4c4b592ab3586a48a688a57473ee9a645994d9ce7d,POST,/autopilot/review/{launchId}/reject,https://api.dropspace.dev,reject a draft - deletes it and refunds the launch slot,,launchId | feedback,travel.place_reviews,travel,execute,marketing,
c6303db5f67693eaf20880d1a6171cfe2b8a869f9baeb1116b86c614bc3756a7,POST,/v1/run/amazon.reviews,https://api.getanyapi.com,Amazon Reviews,"""Pull up to 50 customer reviews for any Amazon product by ASIN or URL — rating, title, text, date, and verified-purchase badge — at a flat per-request USD price.""",fields | max_items | summary | limit | product | region | sort,travel.place_reviews,shop,lookup,,
59c242d4b5b1e206d9e858ceac8b526b55ece6d08cd0211be8d6db129894bcf1,POST,/v1/run/appstore.reviews,https://api.getanyapi.com,App Store Reviews,"""Get App Store reviews for any iOS app by app ID, in any storefront country — ratings, titles, and review text with transparent per-request USD pricing.""",fields | max_items | summary | appId | country | limit,travel.place_reviews,shop,lookup,,
16df5b07a0e3d7f457b863befb0e6190c80c3af0165844ed31a4a298aa1c4f4e,POST,/v1/run/booking.search,https://api.getanyapi.com,Booking.com Search,"""Search Booking.com stays by destination and dates and get hotel results (name, price, review score, location) as normalized JSON with flat per-request USD pricing.""",fields | max_items | summary | checkIn | checkOut | currency | limit | query,travel.place_reviews,shop,search,travel,
e772444675f264f591985965a55aabbb025c5dce5a08ccb60c175e87826551f7,POST,/v1/run/maps.reviews,https://api.getanyapi.com,Google Maps Reviews,"""Fetch up to 100 Google Maps reviews for a place by place ID, sorted the way you need, in one flat-priced normalized response.""",fields | max_items | summary | language | limit | placeId | sort,travel.place_reviews,maps,lookup,,
235a58e0bf5ea0f94b92ea03862d7fce48c24e825027cb3279a51a24ff72db5e,POST,/v1/run/playstore.reviews,https://api.getanyapi.com,Google Play Reviews,"""Fetch Google Play reviews for any Android app by package name or store URL — ratings, review text, dates, and helpfulness votes, billed per request in USD.""",fields | max_items | summary | appId | limit | rating | sortBy,travel.place_reviews,shop,lookup,,
19603ca96b960e7fbb0165cfa5e11b7a0174fb899fc01a50d4f0c8b1da39a58e,POST,/v1/run/tripadvisor.reviews,https://api.getanyapi.com,Tripadvisor Reviews,"""Fetch the latest reviews for any Tripadvisor hotel, restaurant, or attraction by its page URL — rating, text, date, and trip details as normalized JSON with transparent per-request USD pricing.""",fields | max_items | summary | limit | since | url,travel.place_reviews,travel,lookup,,
a2267c07d0cd0d3da9b733d19ba7258c1403d308af2452435005a0ee7b6dd466,POST,/v1/run/tripadvisor.search,https://api.getanyapi.com,Tripadvisor Search,"""Search Tripadvisor for hotels, restaurants, and attractions in any destination and get rich place records (ratings, review counts, contact details, pricing) as normalized JSON with transparent per-request USD pricing.""",fields | max_items | summary | currency | limit | query,travel.place_reviews,maps,search,,
df6d2974537866f8cfc0fc1e3168f0ee78a6f2bd567955b30df755e4c3f54025,POST,/v1/run/trustpilot.reviews,https://api.getanyapi.com,Trustpilot Reviews,"""Pull Trustpilot reviews for any company by brand name — star ratings, review text, dates, and reviewer details as clean JSON, billed per request in USD.""",fields | max_items | summary | company | limit | sortBy | stars | verifiedOnly,travel.place_reviews,travel,lookup,shop,
a7818cf88c41af153109e3e05cee17f4a538f1c973034e290071b7a39c07870e,POST,/api/v1/check/domain,https://api.nameintel.io,Domain availability check,"""Check domain name availability and pricing across .com, .io, .ai, .app, .co, .dev, and other configured TLDs. Returns availability status and premium/auction detection for each extension. Use when an agent only needs to know whether a domain is takeable.""",name | tlds | platforms | niceClasses,cloud.domains,,lookup,cloud,Domain
046e054475f5da94b326c88a5d866d0aa46b9093b9ae37b6ca1be5a4b88d1d26,GET,/api/wirecutter/reviews,https://stableproduct.dev,List Wirecutter review URLs from the public Wirecutter review sitemaps. Defaults to recommendation-like review pages.,,query | recommendation_only | include_scoop | limit | offset,travel.place_reviews,travel,lookup,shop,
aa40657fdd1c21719fb03c8b81b76aa83ce76751715f1487173430f58e7b9cbc,GET,/api/wirecutter/review,https://stableproduct.dev,"""Read one persisted Wirecutter review, including extracted recommendations and offers, by id, url, or slug.""",,id | url | slug | include_inactive_offers,travel.place_reviews,travel,lookup,shop,
faa91b2c154340188af9c0b1051e77ba99e02f77f7159c1d2e8d3146f9a9540a,GET,/api/play-store-apps/app-reviews,https://stableninja.dev,Fetch Google Play Store reviews for an Android app.,,app_id | limit | cursor | sort_by | device | rating | region | language,travel.place_reviews,shop,lookup,,
cec329d453c5ee2664e99042d08870f351c421502636eefc2bdcc3c7789052d2,GET,/api/yelp/business-reviews,https://stableninja.dev,Fetch Yelp reviews for a business ID.,,business_id | page | page_size | num_pages | sort | query | language,travel.place_reviews,travel,lookup,maps,
de310aae65a60f8fe0f36bf254c6170cabd372695713a35b738f6362d8ecc5e8,GET,/api/walmart/product-reviews,https://stableninja.dev,Fetch Walmart product reviews by product ID.,,product_id | page | domain | rating | limit | sort,travel.place_reviews,shop,lookup,,
8190bb119bba2f20ab2ecb2c51bbf673563750c9697b4319d2de031336eeae8f,GET,/api/amazon/product-reviews,https://stableninja.dev,Fetch Amazon product reviews by ASIN.,,asin | country | page | sort_by | star_rating | verified_purchases_only,travel.place_reviews,shop,lookup,,
583515af3d84422539bf353566681e048b83a887e703593a656d54b30b6dac63,GET,/api/travel/deals,https://travelpulse-nu.vercel.app,Travel deals,"""Current hotel deals, attraction discounts, restaurant offers, and money-saving tips for any destination.""",destination | lang,travel.place_reviews,travel,lookup,,
db9c74d2c157e15bbcba083fd0a94c1ec54154cc33cb14848ea7035ff833aed8,GET,/api/travel/phrasebook,https://travelpulse-nu.vercel.app,Essential travel phrasebook by destination language,"""Essential travel phrases for any destination language with phonetic pronunciation. Returns: greeting/farewell, numbers 1-10, transport phrases, food ordering, emergency phrases, accommodation phrases, shopping/bargaining, and cultural etiquette notes. Supports 100+ language pairs. Babbel language learning affiliate included for travelers seeking deeper fluency.""",destination | focus | lang,travel.place_reviews,travel,lookup,,
1b54a77113b7e10c8baf31a8f3dd21493539966922ca99fcf06cd4f8642387ee,POST,/api/actors/compass/Google-Maps-Reviews-Scraper/call,https://stableapify.dev,"""Start the """"Google Maps Reviews Scraper"""" Apify actor (compass/Google-Maps-Reviews-Scraper). Extract all reviews of Google Maps places using place URLs. Get review text, published date, response from owner, review URL, and reviewer's details. Download…""",,input | options,travel.place_reviews,maps,lookup,,
c19ef9e5c81fbe899b7093dc5dd4ef9f1e6619e11bcbff45573245a7b7574bdc,POST,/api/actors/maxcopell/tripadvisor-reviews/call,https://stableapify.dev,"""Start the """"Tripadvisor Reviews Scraper"""" Apify actor (maxcopell/tripadvisor-reviews). Get and download reviews for chosen places on Tripadvisor. Extract the review text, URL, rating, date of travel, published date, basic reviewer info, owner's r…""",,input | options,travel.place_reviews,maps,lookup,,
0ca2f89e9be8a4a134c4fdc5e84a17549e35be8c260d0b64a27aa01d228097c3,GET,/cap/domain-availability,https://the-stall.intuitek.ai,"""Check domain name availability across multiple TLDs (com, net, org, io, ai, co, app, dev by default). Returns per-TLD availability status, registrar, and expiry for registered domains. Uses RDAP — authoritative registry data, no API key. Ideal for brand research, startup naming, and domain portfolio work.""",,name | tlds,cloud.domains,marketing,lookup,cloud,Domain
0fd71b59cd67c41cd073054562e832e8efd586f5f96e8db0dd0aa1e593ea0e52,GET,/v1/scrape/booking/{arg},https://api.gocreativeai.com,Booking.com Hotel Detail,,arg,travel.place_reviews,travel,lookup,,
0242fb56093a7992b2b8b88797d65e99a27ce124ad01e4780cda4a176c309270,GET,/v1/enrich/reviews/{arg},https://api.gocreativeai.com,Google Maps Review Aggregator,,arg,travel.place_reviews,travel,lookup,,
78d6279607e5518f69100c96b77f1f42b4b36e5bdd3d98d65b70fe86c9240ff3,GET,/v1/enrich/googlereviews/{arg},https://api.gocreativeai.com,Google Maps Review Aggregator & Sentiment Analysis,,arg,travel.place_reviews,travel,lookup,,
c936535e9c788aa17f2bbabd03bbc990881a7df8e5de16ebc996ab1dad2cf364,GET,/v1/enrich/googlemaps/{arg},https://api.gocreativeai.com,Google Maps Business Review Aggregation,,arg,travel.place_reviews,travel,lookup,,
98f4654831217911d8338f4ba450558c37c7d775d550d71a62fc40262774962f,POST,/api/actors/compass/Google-Maps-Reviews-Scraper/call,https://apify-pjhpk2l0p-merit-systems.vercel.app,"""Start the """"Google Maps Reviews Scraper"""" Apify actor (compass/Google-Maps-Reviews-Scraper). Extract all reviews of Google Maps places using place URLs. Get review text, published date, response from owner, review URL, and reviewer's details. Download… Returns a signed token for polling /api/actors/status (free SIWX) and fetching /api/actors/results (paid on first call per wallet, then free with SIWX replay).""",,input | options,travel.place_reviews,crypto,lookup,maps,
4cd0b912b5226040151bb316f075363c1b37e28b334a441889fb96de87c4b54c,POST,/api/actors/maxcopell/tripadvisor-reviews/call,https://apify-pjhpk2l0p-merit-systems.vercel.app,"""Start the """"Tripadvisor Reviews Scraper"""" Apify actor (maxcopell/tripadvisor-reviews). Get and download reviews for chosen places on Tripadvisor. Extract the review text, URL, rating, date of travel, published date, basic reviewer info, owner's r… Returns a signed token for polling /api/actors/status (free SIWX) and fetching /api/actors/results (paid on first call per wallet, then free with SIWX replay).""",,input | options,travel.place_reviews,crypto,lookup,maps,
95cc35e6440d7d423af6733e0aff40e9ad586ff77ec74d963a40ec19b43e0109,GET,/agent/reviews,http://agentic.eternalai.org,Api Get Agent Reviews,Endpoint to get the list of reviews for a given agent.,agent_id,travel.place_reviews,travel,lookup,data,
f5d73e39d5e6cef2c84182d371c5566da2dbc056441a3812ab1eed78f99a8483,POST,/api/actors/compass/Google-Maps-Reviews-Scraper/call,https://apify-4kne39v7m-merit-systems.vercel.app,Start the Google Maps Reviews Scraper Apify actor (compass/Google-Maps-Reviews-Scraper).,,input | options,travel.place_reviews,travel,lookup,maps,
99befb9e0a24ed175b22a86bc517492ae274976a510225e81f95970fc9c90a51,POST,/api/actors/maxcopell/tripadvisor-reviews/call,https://apify-4kne39v7m-merit-systems.vercel.app,Start the Tripadvisor Reviews Scraper Apify actor (maxcopell/tripadvisor-reviews).,,input | options,travel.place_reviews,travel,lookup,maps,
64bcaf758a1872514b367a620f525d7abb609a544fe4b20d88cdee01c209aac2,POST,/api/actors/web_wanderer/amazon-reviews-extractor/call,https://apify-4kne39v7m-merit-systems.vercel.app,Start the Amazon Reviews Scraper Apify actor (web_wanderer/amazon-reviews-extractor).,,input | options,travel.place_reviews,travel,lookup,shop,
ad7188025d9a570e8db57dfde42d00a94d314e6ae19852756362e133679d39e6,DELETE,/v0/domains/{domain_id},https://mpp.api.agentmail.to,Delete Domain,Delete Domain,domain_id | Authorization,cloud.domains,,provision,cloud,Mailbox
faa8ed152c630c3e01a2eca4490681cd90648d541103d11d1f5f686e489903ca,GET,/v0/domains/{domain_id},https://mpp.api.agentmail.to,Get Domain,Get Domain,domain_id | Authorization,cloud.domains,,lookup,cloud,Mailbox
58ba65be1bf2044aa595546e9b27d62aaef157d4e3112bd84e72cb0f58348d3b,PATCH,/v0/domains/{domain_id},https://mpp.api.agentmail.to,Update Domain,Update Domain,domain_id | Authorization | feedback_enabled,cloud.domains,,provision,cloud,Mailbox
6e95495fd1a913976f9856afd59ee11b9f9b0923ec7f55cbd3aefd123d0f464f,DELETE,/v0/pods/{pod_id}/domains/{domain_id},https://mpp.api.agentmail.to,Delete Domain,Delete Domain,pod_id | domain_id | Authorization,cloud.domains,,provision,cloud,Mailbox
3c9dfbd6483fbb2bcd53af34e941d0cacc6143d95a1afde26e852bc6cf7b8415,GET,/v0/pods/{pod_id}/domains/{domain_id},https://mpp.api.agentmail.to,Get Domain,Get Domain,pod_id | domain_id | Authorization,cloud.domains,,lookup,cloud,Mailbox
09b631c29278c73e34b58affa5c61ed19bd3e3f2add8b237ec4b197fdcb882f7,PATCH,/v0/pods/{pod_id}/domains/{domain_id},https://mpp.api.agentmail.to,Update Domain,Update Domain,pod_id | domain_id | Authorization | feedback_enabled,cloud.domains,,provision,cloud,Mailbox
6493c6b1896632016626c42c8b59a252d1827942c05951d2de5c44dbc8399991,GET,/v0/domains,https://mpp.api.agentmail.to,List Domains,List Domains,limit | page_token | ascending | Authorization,cloud.domains,,lookup,cloud,Mailbox
a82b9d63a167984eb4481342becb5c9d7646a5ecef45c3139f489bc6fc9b361d,POST,/v0/domains,https://mpp.api.agentmail.to,Create Domain,Create Domain,Authorization | domain | feedback_enabled,cloud.domains,,provision,cloud,Mailbox
90776fe8ee99cfdd1111160ddafedb366ef939735791c2077ed0f952777c2c6f,GET,/v0/domains/{domain_id}/zone-file,https://mpp.api.agentmail.to,Get Zone File,Get Zone File,domain_id | Authorization,cloud.domains,,lookup,cloud,Mailbox
63730897953f78d8d249a06549c59910a33253e2753c21c1ca3fda4e07ac64ba,GET,/v0/pods/{pod_id}/domains,https://mpp.api.agentmail.to,List Domains,List Domains,pod_id | limit | page_token | ascending | Authorization,cloud.domains,,lookup,cloud,Mailbox
590ba74db7d746008ad39a9760cfc2a42657d06f27083c646921131ce7812993,POST,/v0/pods/{pod_id}/domains,https://mpp.api.agentmail.to,Create Domain,Create Domain,pod_id | Authorization | domain | feedback_enabled,cloud.domains,,provision,cloud,Mailbox
23ee2f90cd34eec973eaa5d729c0487157620fbf0121a9e2e2bba222bcb11195,GET,/v0/pods/{pod_id}/domains/{domain_id}/zone-file,https://mpp.api.agentmail.to,Get Zone File,Get Zone File,pod_id | domain_id | Authorization,cloud.domains,,lookup,cloud,Mailbox
935ee1d96c0bbf05e2a8223c4d6d03cd9bd5c21ad58f4ec5a382d4ec994ae0e2,POST,/v0/domains/{domain_id}/verify,https://mpp.api.agentmail.to,Verify Domain,Verify Domain,domain_id | Authorization,cloud.domains,,validate,cloud,Mailbox
072e4262b42e96f1ddd651b042669f966f4116f3d5e21392b7524e20d3a672c5,POST,/v0/pods/{pod_id}/domains/{domain_id}/verify,https://mpp.api.agentmail.to,Verify Domain,Verify Domain,pod_id | domain_id | Authorization,cloud.domains,,validate,cloud,Mailbox
ceda85e9963a6c75d4f84759a18d9fac61e2f7747448c0678a6824ab95f256da,POST,/register,https://mpp.doma.xyz,Register a domain name via MPP payment,,domain | buyerAddress | contact,cloud.domains,,provision,cloud,Domain
ba8c79aa7d5b9623607839bfe5ebd5fc92c3bcc3ef413e34676cb01c37f0b792,POST,/buy,https://mpp.doma.xyz,Buy a listed Doma domain via MPP payment + Seaport,,domain | buyerAddress,cloud.domains,,provision,cloud,Domain
e845f5e588a345c6f5be67c4ca3e158e4bf587d28738ac951cfac7a009e9724a,POST,/api/check,https://stabledomains.dev,Check domain availability and current registration price.,,domain,cloud.domains,shop,lookup,cloud,Domain
81fcb3d66c6dd7111fbd83451043b074277deaedb39930d9a1648ec35f19e20c,POST,/api/register,https://stabledomains.dev,Register a domain. Price follows a daily bonding curve.,,domain | notificationEmail,cloud.domains,shop,provision,cloud,Domain
3c5aeae852690002fe1d78923ad652d5d85e6b6d2d60d7175102ae596e4afc60,POST,/api/domain/renew,https://stabledomains.dev,Renew a domain for 1-10 years.,,domain | count,cloud.domains,,provision,cloud,Domain
86e7b2dcd57899a631a0d66aac4f01084b59966cb648e3cd4ecb83a05447a5af,GET,/api/domain/dns,https://stabledomains.dev,domain/dns,,domain,cloud.domains,cloud,lookup,cloud,Domain
8199b93d81ed95d7c9ba288d78c2a36bcf8d1235817d0f217cfcdb2442a64670,POST,/api/domain/dns,https://stabledomains.dev,domain/dns,,domain | action | records,cloud.domains,cloud,provision,cloud,Domain
af7aff9f72bc15e2e957fdfece93998800f221217cf2cdd4ca131feb1010cc4b,POST,/api/domain/transfer-out,https://stabledomains.dev,domain/transfer-out,,domain,cloud.domains,,provision,cloud,Domain
a14505d14e51bfd4b20c84006853d011b9145fd89116f339f54e11f8c7735c22,GET,/proxy/performance-review-api-9b8b92,https://orbisapi.com,Score and summarize employee performance reviews with promotion eligibility.,Score and summarize employee performance reviews with promotion eligibility.,,travel.place_reviews,travel,analyze,marketing,
6a647eb141f0e67cc339a25be9da7fc431cfec14ebd4dff3f5d837b48e9e119d,GET,/proxy/hotel-price-guide-api-013cea,https://orbisapi.com,Hotel and accommodation cost guides by destination and travel style. Budget to luxury ranges. Built for AI travel agents.,Hotel and accommodation cost guides by destination and travel style. Budget to luxury ranges. Built for AI travel agents.,,travel.place_reviews,shop,lookup,travel,
2c9aee91da83e80e86375b371559361a4142c6062d38c6791b5d040ecd26205a,GET,/proxy/human-review-queue-balancer-api-1b50a2,https://orbisapi.com,"""Balance human review queues by risk, skill fit, SLA, reviewer load, and decision complexity""","""Balance human review queues by risk, skill fit, SLA, reviewer load, and decision complexity""",,travel.place_reviews,travel,analyze,devtools,
cec4252f059c6e062ca1d1cbebc291a83c30a814703a63a6bd571e3a4c4bd4d5,GET,/proxy/accessible-travel-planner-api-e20dd8,https://orbisapi.com,Score and plan accessible travel planner with actionable recommendations,Score and plan accessible travel planner with actionable recommendations,,travel.place_reviews,travel,analyze,,
68a1cc76cb1a9eadf95951fca73d12096298d977e1d097e0dc35ee29b78cefb6,GET,/proxy/project-risk-register-api-852dd9,https://orbisapi.com,Build project risk registers with scoring and mitigation planning,Build project risk registers with scoring and mitigation planning,,cloud.domains,devtools,analyze,devtools,
69c90f740e7dcdc738224a7107e427e98f4fae31dff7cffffb5b11194e16f665,GET,/proxy/domain-parser-api-8057e3,https://orbisapi.com,"""Parse domains into TLD, second-level domain, subdomain and root domain.""","""Parse domains into TLD, second-level domain, subdomain and root domain.""",,cloud.domains,devtools,extract,cloud,Domain
48feb9be7d4181606adb70d2ce4b22f8bc1162c40b097bc82395f335dc48fbfd,GET,/proxy/product-review-analyzer-api-3b69b8,https://orbisapi.com,"""Analyze product reviews for avg rating, sentiment signals and theme patterns.""","""Analyze product reviews for avg rating, sentiment signals and theme patterns.""",,travel.place_reviews,shop,analyze,,
64d4f5b913692cba58140a0b19f9c22a25148076ded551fbacde5cb2ec22e9bd,GET,/proxy/review-snippet-analyzer-api-49f76e,https://orbisapi.com,"""Extract review ratings, pros, cons, sentiment hints, and recurring topics from scraped text""","""Extract review ratings, pros, cons, sentiment hints, and recurring topics from scraped text""",,travel.place_reviews,travel,analyze,,
3119b2a5aaffacd975a3d56dedb5cf92a86cf4a87849c636c25bde892b055b63,GET,/proxy/hotel-data-intelligence-api-343ab5,https://orbisapi.com,"""Hotel intelligence: rate comparison across OTAs, review aggregation with theme extraction, amenity scoring, cancellation""","""Hotel intelligence: rate comparison across OTAs, review aggregation with theme extraction, amenity scoring, cancellation""",,travel.place_reviews,travel,analyze,,
0bdcf12c403ab535fbdf8bf6d555a2eebb9fed7531bf4c51bb0c6913c8f306d0,GET,/proxy/travel-budget-estimator-api-1e259a,https://orbisapi.com,"""Estimate travel budgets for budget, mid-range and luxury styles. Daily breakdown with emergency fund recommendation. Built for AI travel agents.""","""Estimate travel budgets for budget, mid-range and luxury styles. Daily breakdown with emergency fund recommendation. Built for AI travel agents.""",,travel.place_reviews,travel,analyze,,
930626356e8155faf6ec246c38af64688d0067a47aa8e1cd03895c68d048584a,GET,/proxy/hotel-price-lookup-api-d8557b,https://orbisapi.com,"""Hotel search, pricing, and availability for travel booking and itinerary agents""","""Hotel search, pricing, and availability for travel booking and itinerary agents""",,travel.place_reviews,shop,lookup,travel,
3a13f6423874b111d15b448b485b997b20f86ffb382c6fe0a9266d06b3424952,GET,/proxy/travel-time-sla-planner-api-f93243,https://orbisapi.com,"""Plan travel-time SLAs from zone distance, traffic buffer, service priority, and capacity""","""Plan travel-time SLAs from zone distance, traffic buffer, service priority, and capacity""",,travel.place_reviews,travel,analyze,,
c29fb3e2528c7dd607b28c15f19f1c82b6e751ad4d25b0d856b6b89cd2a0b39a,GET,/proxy/ai-evaluation-pipeline-builder-api-be063d,https://orbisapi.com,"""Builds evaluation pipelines with metrics, human review sampling, baselines, and statistical requirements.""","""Builds evaluation pipelines with metrics, human review sampling, baselines, and statistical requirements.""",,travel.place_reviews,travel,execute,devtools,
2a0b7408d1d07bcf64bb2cbda9b1aff9dce778f8af82eceacff65c03b82f61dc,POST,/proxy/hotel-price-lookup-api-d8557b/:endpoint,https://orbisapi.com,"""Hotel search, pricing, and availability for travel booking and itinerary agents""","""Hotel search, pricing, and availability for travel booking and itinerary agents""",,travel.place_reviews,shop,lookup,travel,
1a3a3a3e212ceb525ad9274f7401ea0fad4416a6a409625547dca8a83199be5b,POST,/api/bazaar/domain-observation-slots,https://kari.mayim-mayim.com,LN Church Domain Observation Slot,LN Church Domain Observation Slot,,cloud.domains,,lookup,cloud,
567fba892879e589fa3032e02e1791447c9fc334e3241759ee69c4deab3986fe,GET,/proxy/travel-destination-api-fe1941/:endpoint,https://orbisapi.com,"""Discover travel destinations with attractions, best times to visit and travel tips""","""Discover travel destinations with attractions, best times to visit and travel tips""",,travel.place_reviews,travel,search,,
15624e20dfe7ca75861844e9ed6bf6c63031dbc52c69a8aaaacfe94fc00b7929,GET,/proxy/domain-validator-api-7a69cd,https://orbisapi.com,"""Validate domain names, extract TLD and root domain, check for premium TLDs. Built for AI agents.""","""Validate domain names, extract TLD and root domain, check for premium TLDs. Built for AI agents.""",,cloud.domains,devtools,validate,cloud,Domain
c3b9662e176487fb72a897453c5f6b22a9522f11da38118958967b17123f0b84,POST,/proxy/review-sentiment-api-7e185b/:endpoint,https://orbisapi.com,"""Analyze restaurant reviews across Google, Yelp, TripAdvisor, DoorDash, and Uber Eats into structured sentiment, themes, risks, and response plans.""","""Analyze restaurant reviews across Google, Yelp, TripAdvisor, DoorDash, and Uber Eats into structured sentiment, themes, risks, and response plans.""",,travel.place_reviews,travel,analyze,,
e9bb705e9cfa8f3394112d4f532f33f7b505db809d0f23e1c4d0a9d86412cd41,GET,/proxy/travel-phrase-book-api-05d094/:endpoint,https://orbisapi.com,Essential travel phrases in 50+ languages with pronunciation guides,Essential travel phrases in 50+ languages with pronunciation guides,,travel.place_reviews,travel,lookup,,
d0548fc3bb330fa3b585e20ec90ef8ad68e4a79216385d64176ccb7c381fbc74,POST,/proxy/restaurant-lead-generation-api-86cfac/:endpoint,https://orbisapi.com,"""Find, score, enrich, and prepare outreach to restaurants that need marketing, reviews, SEO, web, delivery, or ops help.""","""Find, score, enrich, and prepare outreach to restaurants that need marketing, reviews, SEO, web, delivery, or ops help.""",,travel.place_reviews,travel,analyze,marketing,
aad9b77ebdff93c7f0a635eb5ed7749527ceda07db2641fd31a48e10218cadf2,GET,/proxy/domain-availability-api-073035/:endpoint,https://orbisapi.com,Check domain availability and generate alternatives,Check domain availability and generate alternatives,,cloud.domains,ai,lookup,cloud,Domain
9d73a45f5ea666cb29632680f3402c1b8288c441e49351ed1e93fde00b597db3,POST,/proxy/domain-availability-checker-api-8bccfb/:endpoint,https://orbisapi.com,Check if a domain name is available for registration across multiple TLDs.,Check if a domain name is available for registration across multiple TLDs.,,cloud.domains,devtools,lookup,cloud,Domain
f51d6a27477f03100dd3bbcce23fbeec92316e0bf586941681ae8be2469ca3ec,POST,/contract_specialist,https://solopreneur.apitoai.xyz,"""Contract review, negotiation strategies, template creation, key terms analysis, and vendor agreement management""","""Contract review, negotiation strategies, template creation, key terms analysis, and vendor agreement management""",,travel.place_reviews,travel,analyze,marketing,
cda01c6901dfe3da9b4e194949ce06efa3a0bf1fa714b38a4a7c92fc4a157512,POST,/account_manager,https://solopreneur.apitoai.xyz,"""Account planning, relationship management, upselling strategies, contract renewals, and strategic account growth""","""Account planning, relationship management, upselling strategies, contract renewals, and strategic account growth""",,cloud.domains,,analyze,marketing,
f3af199c1929dead3d0d6ed8d58883cf7f321a878d5456acc87478924332eab4,GET,/proxy/hotel-price-lookup-api-d8557b/hotel-price/list,https://orbisapi.com,"""Hotel search, pricing, and availability for travel booking and itinerary agents""","""Hotel search, pricing, and availability for travel booking and itinerary agents""",,travel.place_reviews,shop,lookup,travel,
aa61a5864e087ab3bcb2ce5d1881f2d41262f93e172790e6d222bdd78977401f,GET,/proxy/hotel-price-lookup-api-d8557b/hotel-price/info,https://orbisapi.com,"""Hotel search, pricing, and availability for travel booking and itinerary agents""","""Hotel search, pricing, and availability for travel booking and itinerary agents""",,travel.place_reviews,shop,lookup,travel,
a112be902df090f7eefdf28ec74ec3a703bf6559e7caaa1df7a8cb3be422a492,POST,/v1/projects,https://mpp.buildwithlocus.com,Create a project,Create a project,,cloud.domains,,provision,cloud,
139c53b658072d0a1ab4bd5275eb15bb8589111e3b4dfd59082610f70d4887f2,GET,/v1/projects,https://mpp.buildwithlocus.com,List projects,List projects,,cloud.domains,,lookup,cloud,
0862b5a7d1a7c273dea71e376a14f9f58ed9256efb399ac7c5409a6a6aaa3e7d,GET,/v1/projects/:projectId,https://mpp.buildwithlocus.com,Get project,Get project,,cloud.domains,,lookup,cloud,
06e7eb2c22f77a672a6e8e89b8f9fa35acb2113756b8cff1ee5988dd796db09d,DELETE,/v1/projects/:projectId,https://mpp.buildwithlocus.com,Delete project,Delete project,,cloud.domains,,provision,cloud,
ca22f0c2ff7ae8337d13e631e66c26a31ba0b69e39d65de737cc52b2b24fa97e,POST,/v1/domains,https://mpp.buildwithlocus.com,Register BYOD domain,Register BYOD domain,,cloud.domains,cloud,provision,cloud,Domain
49ac4a4b7bd129b8a42477df26fc8c8c0c4124f4342e8948dad5d7e03768c7f6,GET,/v1/domains,https://mpp.buildwithlocus.com,List all domains,List all domains,,cloud.domains,,lookup,cloud,Domain
a809f1fcbc8031804fe04014153dc05f56a1ba7dac7ee8d904bbbef5334766eb,POST,/v1/domains/:domainId/verify,https://mpp.buildwithlocus.com,Verify domain CNAME and cert,Verify domain CNAME and cert,,cloud.domains,,validate,cloud,Domain
a7d82653b50b3749763b610820ea443344fdd35b5bf6e9a6ebd467f1768959cd,POST,/v1/domains/:domainId/attach,https://mpp.buildwithlocus.com,Attach domain to service,Attach domain to service,,cloud.domains,,provision,cloud,Domain
8b041af8f73d672b12edc94737cadc184a746a621d579a31d49469584561ab00,DELETE,/v1/domains/:domainId,https://mpp.buildwithlocus.com,Delete domain,Delete domain,,cloud.domains,,provision,cloud,Domain
98ecd8c78734fe87a80c1fdf8d1cc056eba2edb1a1e2350656cae2c73442f3e6,GET,/places/v1/places/:id/photos/:photoId/media,https://googlemaps.mpp.tempo.xyz,Get a place photo,Get a place photo,,travel.place_reviews,maps,lookup,,
8a65cb2b8b6539e616b7ad766e98a279e9322cb6f5ff90dcd7f6b0f2a2984b79,GET,/v1/tiktok/shop/product/reviews,https://mpp.orthogonal.com,Product Reviews,Product Reviews,,travel.place_reviews,shop,lookup,,
ebde53dd18f97bfeb681f950f641c799ed1f4fa8701561b63f9333f65ef3d210,GET,/v1/domain-status,https://mpp.orthogonal.com,Check the status and availability of a domain.,Check the status and availability of a domain.,,cloud.domains,,lookup,cloud,Domain
8f3921bbf11e7230c0c39ebbdd82663471c13ce42411512d676c9d534e68bc57,POST,/reviews,https://mpp.orthogonal.com,"""Google Reviews - returns reviews for a specific business/place including review text, ratings, authors, dates, and""","""Google Reviews - returns reviews for a specific business/place including review text, ratings, authors, dates, and""",,travel.place_reviews,maps,lookup,,
287f9ae0ba8391ad99b691ca297c9b7328318089ed994ed78171f8c37e6d0500,GET,/v0/domains/:domain_id,https://mpp.api.agentmail.to,Get domain,Get domain,,cloud.domains,,lookup,cloud,Mailbox
6e41c8d225503da29a6bd296af545f22d5a5f35aa3b7c0ecf22779f3883cdbb7,GET,/v0/domains/:domain_id/zone-file,https://mpp.api.agentmail.to,Get zone file,Get zone file,,cloud.domains,,lookup,cloud,Mailbox
8280cba9b2f47b922cb578c44d5fbecee734d152962db2e6fcca1032812f8ab6,DELETE,/v0/domains/:domain_id,https://mpp.api.agentmail.to,Delete domain,Delete domain,,cloud.domains,,provision,cloud,Mailbox
2aa62569702983efe55fbe4528db1faed2bda3aabe7ea902c9cb3211b0ac2842,POST,/v0/domains/:domain_id/verify,https://mpp.api.agentmail.to,Verify domain,Verify domain,,cloud.domains,,validate,cloud,Mailbox
fc66ee6ca237d213c4699f137d489819b9729b24e29c428fe9838c36fd58f87e,GET,/v0/pods/:pod_id/domains,https://mpp.api.agentmail.to,List domains,List domains,,cloud.domains,,lookup,cloud,Mailbox
9cb0833a4c795dcec1cffb4a0d90829ea4d84c482f16f14359beaa883053ea29,GET,/v0/pods/:pod_id/domains/:domain_id,https://mpp.api.agentmail.to,Get domain,Get domain,,cloud.domains,,lookup,cloud,Mailbox
607c1a4c5d4f864f38295cdeede2db317d8cd427415195da95b343dfdca36f30,GET,/v0/pods/:pod_id/domains/:domain_id/zone-file,https://mpp.api.agentmail.to,Get zone file,Get zone file,,cloud.domains,,lookup,cloud,Mailbox
3bced40c6a97281c8a8e895e51dffea3662fa432517f16e9c2aa375a007b1965,POST,/v0/pods/:pod_id/domains,https://mpp.api.agentmail.to,Create domain,Create domain,,cloud.domains,,provision,cloud,Mailbox
620c79780d4f56b6646d54fd9bd346c46844874774600a920a63f85d5baaef81,PATCH,/v0/pods/:pod_id/domains/:domain_id,https://mpp.api.agentmail.to,Update domain,Update domain,,cloud.domains,,provision,cloud,Mailbox
bc430a1b841ac072ad4418bf3a710c651ec0c10c7831628064e3de05d079d923,DELETE,/v0/pods/:pod_id/domains/:domain_id,https://mpp.api.agentmail.to,Delete domain,Delete domain,,cloud.domains,,provision,cloud,Mailbox
ae2fa978392e260c9d6dd565e1a7047ab2868332e4dc3049739bbd2c40144e5d,POST,/v0/pods/:pod_id/domains/:domain_id/verify,https://mpp.api.agentmail.to,Verify domain,Verify domain,,cloud.domains,,validate,cloud,Mailbox
5b579c41215d7caabe8b7873c1667d301fe541009a556651d3e307079e060a55,GET,/x402/trust-score,https://decide.memoryapi.org,"""Vendor trust score (composite: reviews, uptime, SLA)""","""Vendor trust score (composite: reviews, uptime, SLA)""",,travel.place_reviews,travel,analyze,data,
adf6e94c789704ad919cb5e097619acf0b715f44d1596b994d0de67331dba409,POST,/v1/stack,https://agentlair.dev,Create domain stack,Provision a stack for your domain. Points nameservers to AgentLair DNS. Beta: DNS provisioning is stubbed. Full CF DNS integration coming Q2 2026.,domain,cloud.domains,cloud,provision,cloud,Domain
217bb2cf8244d203692c1635ff37d5c68f1f2505d060608bba25485a34e3ea54,POST,/domains/register,https://palmyr.ai,Register a domain for one year via Namecheap. Pricing is dynamic per-TLD — the 402 challenge returns the exact USDC amount (~$10 typical). Body: { domain },Register a domain for one year via Namecheap. Pricing is dynamic per-TLD — the 402 challenge returns the exact USDC amount (~$10 typical). Body: { domain },X-Payment,cloud.domains,,provision,cloud,Domain
50519c927e3633606569df0db4b3ca6ff96a2de3de04c06c79fb655c5d944368,GET,/domains/check,https://palmyr.ai,Check if a domain is available (query: ?domain=example.com). Free preflight before POST /domains/register.,Check if a domain is available (query: ?domain=example.com). Free preflight before POST /domains/register.,,cloud.domains,,lookup,cloud,Domain
02f677102908765a194ecdf54c83bceae0cb0b32057b213ea4c8abf37bc3a77a,GET,/domains/pricing,https://palmyr.ai,Per-TLD domain registration pricing. Free preflight before POST /domains/register.,Per-TLD domain registration pricing. Free preflight before POST /domains/register.,,cloud.domains,,lookup,cloud,Domain
718145d78ce7fbd9e8ee47f6290dc3f2986ed1032eb1f3d577cc1ebb9e5564ff,POST,/api/v1/rpc/ethereum,https://blockrun.ai,Multi-chain RPC,"""JSON-RPC 2.0 passthrough across 40+ chains (powered by Tatum). Swap `ethereum` in the path for any network — base, solana, polygon, bsc, arbitrum, optimism, avalanche, bitcoin, sui, and more: POST /api/v1/rpc/{network}. One endpoint, every chain, no API key. $0.002 per call; a JSON-RPC batch is priced per element.""",jsonrpc | method | params | id,compute.blockchain_rpc,crypto,execute,,
0dc6226f6d3912b7a67c3da45d1e2f4ff34bb4d8170fea09c27749ae21f2cdf1,POST,/x402/report-tx,https://x402.clashofcoins.com,Report a successful x402 transaction hash,"""First call returns HTTP 402 with PAYMENT-REQUIRED. Unpaid discovery probes may send an empty JSON body to read the challenge, but paid retries must send the exact same JSON payload with valid userId and txHash. Copy challenge.resource plus challenge.accepts[0] into PAYMENT-SIGNATURE as accepted, then retry this same POST to persist the report. Default price is $0.001.""",PAYMENT-SIGNATURE | userId | txHash,compute.blockchain_rpc,shop,send,crypto,
2277ac1fbfdcd15a3f21356443f1b33a3d93f60b2ecc8d0ce9c388b189034aa6,GET,/api/chain/block-number,https://api.onesource.io,Latest Ethereum block height - current chain tip via eth_blockNumber,"""Returns the latest mined Ethereum block height via eth_blockNumber against a live node. No caching - every call queries the upstream RPC fresh. Use this to sync an agent to the chain tip, to detect progress or stalls, or as a cheap liveness ping before issuing more expensive RPC calls.""",network,compute.blockchain_rpc,crypto,lookup,,
ab3a6e5af3bf3b4f18a798e6fdb77d97c2cd76d994db719da045b26619ca9b7c,GET,/api/chain/block/{number},https://api.onesource.io,"""Fetch an Ethereum block header and transaction hashes by number, tag, or hex via eth_getBlockByNumber""","""Returns the block header plus its transaction hashes for a given block number, tag (latest, pending, safe, finalized), or hex block number via eth_getBlockByNumber. Live from the upstream RPC node.""",number | network,compute.blockchain_rpc,crypto,lookup,,
e7bf723a956ec50442905400aaf762badd00218151e63c317fbea91708c7cb38,POST,/api/chain/call,https://api.onesource.io,Simulate a read-only Ethereum contract call via eth_call - no transaction sent,"""Simulates a contract read via eth_call - returns the raw ABI-encoded result without submitting a transaction. Pass 'to' (contract address) and 'data' (ABI-encoded calldata); optional 'from', 'value', and 'block' override the caller, msg.value, and block tag.""",network | data | from | to | value,compute.blockchain_rpc,crypto,execute,,
b76382a88cc146faa13def0d4d75b4628c81925fa61e4a01a0e547ec3e4eb0ec,GET,/api/chain/chain-id,https://api.onesource.io,Ethereum chain ID (EIP-155) via eth_chainId - confirm which chain a network is on,"""Returns the EIP-155 chain ID via eth_chainId, queried live from the upstream RPC node. Verify a backend is serving the expected chain before signing an EIP-155 transaction.""",network,compute.blockchain_rpc,crypto,lookup,,
ab0ca10bb56e4f1ef72ad2fbaa49368b9d38de55a9f15dd7e356096d98f3a566,GET,/api/chain/ens/{input},https://api.onesource.io,"""ENS resolve - turn a .eth name into an address, or an address into its primary .eth name, via eth_call on OneSource live Ethereum RPC""",Resolves a *.eth ENS name to its address (forward lookup) or an address to its primary ENS name (reverse lookup) via eth_call on the ENS Registry and Resolver contracts. Auto-detects direction from the input format.,input | network,compute.blockchain_rpc,crypto,lookup,,
3f3b72ffa454dbcf1913ec5c5723d7493bf8d05c4f45e13dba023a1d2d264c09,GET,/api/chain/network-info,https://api.onesource.io,"""Ethereum network info - chain ID, block height, and gas price in one batched RPC call (eth_chainId + eth_blockNumber + eth_gasPrice)""","""Batches eth_chainId, eth_blockNumber, and eth_gasPrice into a single round-trip to the upstream RPC node. Use this instead of three separate calls when bootstrapping an agent, probing liveness, or pre-flighting a transaction.""",network,compute.blockchain_rpc,crypto,lookup,,
a3eae0393641469b906f0de19123191d84bd644084a0fe8e2e3d10f33d5d0a3e,GET,/api/chain/pending,https://api.onesource.io,"""Pending Ethereum block - mempool transactions not yet mined, via eth_getBlockByNumber(""""pending"""")""","""Returns the pending block as seen by the upstream RPC node - transactions that are in the mempool but not yet included on-chain, via eth_getBlockByNumber(""""pending""""). Use this to monitor unconfirmed activity, spot front-running risk, or peek at what a node plans to mine next.""",network,compute.blockchain_rpc,crypto,lookup,,
9758edc976c4ba17cc37ea6445036b3522b9a81f63a85ba6854b57306d342552,GET,/api/chain/receipt/{hash},https://api.onesource.io,"""Transaction receipt via eth_getTransactionReceipt - status, gas, and event logs for a mined Ethereum transaction""","""Returns the mined transaction receipt - status (success/failed), gas used, effective gas price, emitted event logs, and block inclusion data - via eth_getTransactionReceipt. Returns null if the transaction is pending or unknown to the node.""",hash | network,compute.blockchain_rpc,crypto,lookup,,
551bce65d07f8621f5afacb0d6949d590ad56c8747012f1b43e3aa29e1734409,GET,/api/chain/storage,https://api.onesource.io,Read a raw storage slot from any Ethereum contract via eth_getStorageAt,"""Reads a 32-byte storage slot directly from a contract's storage via eth_getStorageAt. Useful for inspecting EIP-1967 proxy implementation slots, packed variables, and storage layouts that aren't exposed through a public function.""",contract | slot | block | network,compute.blockchain_rpc,crypto,lookup,,
d1b3168dde117304e15e44d3970ffb5a29752c0ef7ec5071f40b21859849c3e2,POST,/0g-galileo/,https://x402.quicknode.com,JSON-RPC proxy — 0g-galileo,,jsonrpc | method | params | id,compute.blockchain_rpc,crypto,execute,,
583aab7e473cacdce211b8783ff46624656841b34a6f9eb86da15adf24684e27,POST,/0g-mainnet/,https://x402.quicknode.com,JSON-RPC proxy — 0g-mainnet,,jsonrpc | method | params | id,compute.blockchain_rpc,crypto,execute,,
9ccd48b9f5cc61faa225265fa4c8cb5dd4632b155dcc1457f608835270ee8958,POST,/abstract-mainnet/,https://x402.quicknode.com,JSON-RPC proxy — abstract-mainnet,,jsonrpc | method | params | id,compute.blockchain_rpc,crypto,execute,,
21baae30ab7c04184ed8b3839e750666cb67ab2486605dbd08ccde46a344d3fe,POST,/abstract-testnet/,https://x402.quicknode.com,JSON-RPC proxy — abstract-testnet,,jsonrpc | method | params | id,compute.blockchain_rpc,crypto,execute,,
50a4234dee9c058f00c013dd7429fd59dc829dc8caeb2c609401769983b02a93,GET,/fx-rates,https://x402.ottoai.services,Live fiat FX rates — USD vs ~30 major currencies (ECB),"""Live fiat foreign-exchange (forex) rates: USD against ~30 major currencies — EUR, GBP, JPY, CNY, CAD, AUD, CHF and more — from European Central Bank (ECB) reference rates. One call returns the full table; derive any cross-rate or currency pair. Built for agents pricing cross-border ops, treasury, invoicing and FX conversion. Refreshed daily, keyless, pay-per-call.""",,data.exchange_rates,finance,lookup,,
b9e9d5f56637bff3f809c93df358c0ee0a8560a46d246b205b95b53e025d24cd,GET,/api/v1/surf/exchange/funding-history,https://blockrun.ai,Surf — Perp Funding Rate History,Funding rate history for a perpetual contract.,,data.exchange_rates,,lookup,crypto,
e7146456174c32795f33c66e7a0a528811e62145b0066392b8c1c7115a6733ea,POST,/x402/token-price,https://public.zapper.xyz,Get real-time token price and market cap,,address | chainId | currency,data.exchange_rates,crypto,lookup,,
f41db20affe4b6f3e3ad33810338a6a0582a21b85a5322a5f068571a8e0840eb,POST,/x402/historical-token-price,https://public.zapper.xyz,Get the price of a token at a specific point in time.,,address | chainId | timestamp | currency,data.exchange_rates,crypto,lookup,,
6318243ea9aa1fccf4fb292d80c00939c481480569ea5d031294437c02470b97,GET,/api/v1/kr-prices,https://api.printmoneylab.com,Kr Prices,,symbol | exchange,data.exchange_rates,,lookup,finance,
2357e221758c0cb912d3f4f06c2fe89a91dd49778c86505334ac1e827ffe8bec,GET,/api/v1/fx-rate,https://api.printmoneylab.com,Fx Rate Endpoint,,,data.exchange_rates,,lookup,finance,
a0570da7cf85a444b7cd1723cb6d4636c5718dd04316dbbcc7981c84db05fd1f,GET,/getcustomsdutyrates,https://api.interzoid.com,"""Retrieve import customs duty rates for any HS code entering any country — with MFN applied rates, preferential FTA rates, import VAT/GST, additional duties (anti-dumping, safeguard, excise), de minimis thresholds, and non-tariff restrictions.""",,hscode | lookup,data.exchange_rates,data,lookup,,
e4fc8dd23db059f8cd301ba008db0a73bfff591ab334c880ce4e3ce85eabdbd3,GET,/fx/{base}/{quote},https://api.tickersfeed.net,Foreign exchange rate,"""Exchange rate for a currency pair using 3-letter ISO 4217 codes (e.g. USD/EUR, GBP/JPY). Returns the latest available rate. Costs $0.001 USDC.""",base | quote,data.exchange_rates,finance,lookup,,
4aa1e5a7ad10c2337e90d621dc3389f86e04a495031ff447d3d5b1454191437f,GET,/fx/rates/{base},https://api.tickersfeed.net,All exchange rates for a base currency,All available exchange rates for a given base currency. Returns an object of currency-code-to-rate pairs. Costs $0.001 USDC.,base,data.exchange_rates,,lookup,finance,
1df0e1a82551185a1705e7d22fac0b3303c71e4fe4532f01cf95cc8c5c874457,GET,/api/exchange,https://vibesprings.net,Real-time and historical fiat exchange rates.,,base | target,data.exchange_rates,,lookup,finance,
502990600618555aaafb2c36dcaa1ed67f2b7603ff5d77abf8f4585dfa1e1d46,GET,/api/exchange/convert,https://vibesprings.net,Convert an amount between any two fiat currencies with live ECB rates.,,from | to | amount,data.exchange_rates,,transform,finance,
24d07dd5aa87ed49a441b3ff33c632ff0abde3b0e455ea4d212109848cb10bdf,GET,/api/exchange/history,https://vibesprings.net,"""Daily exchange rate time series for any currency pair, up to 365 days.""",,base | to | start | end,data.exchange_rates,finance,lookup,,
887b0b4ee0013ce981c839aa9901663b15c1e0915942ee8fe5404a2d0d33a93a,POST,/api/workflow/invoice-fx,https://vibesprings.net,Multi-currency invoice workflow. Converts line items to target currency and generates PDF.,,invoiceNumber | from | to | targetCurrency | items | notes | dueDate,data.exchange_rates,,transform,finance,
59de26f36ae77cca17360906fb9c5e2a5ba3016c6b4eaab83b4dc3360c5d7285,POST,/exchange-rates,https://x402.agentutility.ai,Exchange rates.,"""Exchange rates. Latest or historical FX rates between currencies, sourced from the European Central Bank (Frankfurter API). 30+ currency pairs. Optional amount conversion. No commercial restrictions. Specify a base currency (default USD), an optional quote currency or list, an optional date (YYYY-MM-DD or 'latest'), and an optional amount to also receive a converted value when a single quote is su""",base | quote | date | amount,data.exchange_rates,finance,lookup,,
b652b9d633cdb820a74a8454e470acff9b6724beb886a242e867e712b679b154,GET,/api/fx/current,https://api.lastlookdata.com,Current G10 FX rate,Returns the current exchange rate for any G10 currency pair. Source: European Central Bank via Frankfurter.,pair,data.exchange_rates,finance,lookup,,
0818ab36b42c9495825ef2123beddd62e5a09c469fb5297313977ea082800822,POST,/api/v1/modal/sandbox/create,https://blockrun.ai,Create Modal Sandbox,"""Create a managed Python 3.11 sandbox with bounded CPU, memory, and lifetime limits. GPU sandboxes (T4/L4/A10G/A100/H100) upgrade to per-type pricing — see `/pricing`.""",image | timeout | cpu | memory | gpu,agent.memory,compute,provision,,
f335fde7ce4b418e09fa20e2fac939af0e0a776cf7690cabd002a6abfdc74623,GET,/memory/summary/{address},https://protocol.origindao.ai,Agent memory summary,"""Memory crystal counts by category (rug_detection, vol_analysis, etc.).""",address,agent.memory,,lookup,storage,
c80cb852112e48fe6832ca0a96f08f0e3e1b272b99c23af488b0e9a333230d1f,POST,/api/store/doc-delete,https://2s.io,"""STORE: delete a stored document by id, scoped to YOUR wallet.""","""STORE: delete a stored document by id, scoped to YOUR wallet. Idempotent — deleting a missing id succeeds with deleted:false. Private to your wallet (the x402 payer).""",trial | ns | id,agent.memory,crypto,provision,storage,
7e741a4e1ddc18064d7cf1df6d62e67cb62d73916a9ac151188515c55778cd51,POST,/api/store/doc-get,https://2s.io,"""STORE: fetch a stored document by id, scoped to YOUR wallet.""","""STORE: fetch a stored document by id, scoped to YOUR wallet. Returns its body + meta. Reading resets the 90-day TTL (extend-on-touch). 404 if missing or expired. Private to your wallet (the x402 payer).""",trial | ns | id,agent.memory,crypto,lookup,storage,
99bc497f6f8be1a6e337c10863fd221aa4d7c9ddb4489d907d382a3da8d9641e,POST,/api/store/doc-search,https://2s.io,STORE: full-text keyword search over documents you stored...,"""STORE: full-text keyword search over documents you stored in a namespace, scoped to YOUR wallet. Uses SQLite FTS5 — supports terms, phrases (""""...""""), AND/OR/NOT, and prefix* matching. Returns ranked hits with body + meta + a relevance score (higher = better). Searching does NOT extend TTLs. Private to your wallet (the x402 payer).""",trial | ns | query | limit,agent.memory,crypto,search,storage,
3f7b7f03eb39f35c275552178152f1b185d1e9b19c158909e4022ece656f00ca,POST,/api/store/kv-delete,https://2s.io,"""STORE: delete a key/value you stored, scoped to YOUR wallet.""","""STORE: delete a key/value you stored, scoped to YOUR wallet. Returns whether a value was removed. Idempotent — deleting a missing key succeeds with deleted:false. Private to your wallet (the x402 payer).""",trial | ns | key,agent.memory,crypto,provision,storage,
446d8c6a622b8ae56b40153ff7998c597d3fc37c7e1a3cdba2cb8bb5a9b85b34,POST,/api/store/kv-get,https://2s.io,STORE: read back a JSON value you stored with store.kv-put...,"""STORE: read back a JSON value you stored with store.kv-put, scoped to YOUR wallet. Returns the value and its expiry. Reading the object resets its 90-day TTL (extend-on-touch). Returns 404 if the key doesn't exist or has expired. Data is private to your wallet (the x402 payer) — no account or API key.""",trial | ns | key,agent.memory,crypto,lookup,storage,
f07aa66bf3dea400b078ab333aa72731271813bb96f6a85d162b7c545d76e6bd,POST,/api/store/kv-put,https://2s.io,"""STORE: persist a JSON value under a key, scoped to YOUR...""","""STORE: persist a JSON value under a key, scoped to YOUR wallet (the x402 payer). Key/value store with retrieval — set a value once, read it back later with store.kv-get or list with store.kv-scan. Data is private to your wallet and kept on a rolling 90-day window that resets every time you touch the object. Use a namespace (ns) to group related keys. Value up to 1 MB; no per-wallet total cap. No a""",trial | ns | key | value,agent.memory,crypto,provision,storage,
89dd4341533da04d6f5485f85bc530ca83830470c165689545e19d88d37c7c3c,POST,/api/store/kv-scan,https://2s.io,"""STORE: list keys in a namespace, scoped to YOUR wallet...""","""STORE: list keys in a namespace, scoped to YOUR wallet, optionally filtered by key prefix and paginated with a cursor. Set values:true to include each value inline. Ordered by key; returns nextCursor when more remain (pass it as `after`). Scanning does NOT extend TTLs. Private to your wallet (the x402 payer).""",trial | ns | prefix | limit | after | values,agent.memory,crypto,lookup,storage,
7723eaf2da4b433b1d536a156beb157e4a92c795367e090b903375871c885eba,POST,/api/store/vector-delete,https://2s.io,"""STORE: delete a vector by id from a namespace, scoped to...""","""STORE: delete a vector by id from a namespace, scoped to YOUR wallet. Idempotent — deleting a missing id succeeds with deleted:false. Private to your wallet (the x402 payer).""",trial | ns | id,agent.memory,crypto,provision,storage,
bd9c00343fc882a8c79b0e287db49bb9563da1ad99c1f43880a826be2fcd73ea,POST,/api/store/vector-query,https://2s.io,STORE: nearest-neighbor search over vectors you upserted in...,"""STORE: nearest-neighbor search over vectors you upserted in a namespace, scoped to YOUR wallet. Pass a query embedding (same dimensionality as the stored vectors) and get the top-K most similar by cosine similarity, each with its body + meta + score (1.0 = identical). The retrieval half of agent memory / RAG — bring your own query embedding. Querying does NOT extend TTLs. Private to your wallet (t""",trial | ns | embedding | topK,agent.memory,crypto,search,storage,
09f3a1a938cdddbad62d2bebfe1b52b4acb5ccd7722bdf2a365bce330bc8f5ad,GET,/feeds/agent-memory,https://x402.payperbyte.io,"""Agent Memory Index — latest PayPerByte broadcast ($0.050 / call, ~13000B)""","""Decentralized storage/memory networks for agent state + RAG (Filecoin, Walrus, Arweave, Storj, Autonomys, Sia, Irys, 0G): active-node accounting and used-vs-capacity where source APIs respond, geo-concentration, agent-memory tooling status, per-metric provenance + data-quality flags, and a byte_score.""",,agent.memory,media,lookup,data,
f5f3723558412bd6d2e22bd8edbe41ab47aec210a9bc0e5c289751cff5f1217f,POST,/v1/sql/query,https://db.gedx402.com,Agent Memory Agent Memory,"""Read-only SQL on shared agent memory database. POST SELECT with optional params; results capped at 1000 rows. With valid session_token from POST /v1/memory/sessions, no x402 until query credits exhausted. x402 settlement USDC per request (see npm run pricing:report) worst-case per standalone query. Hero: GET /heroes/sql-query. Bundle: GET /v1/models?bundle=memory. Shard omitted from default OpenAP""",sql | params | session_token,agent.memory,,lookup,storage,
eb0cb0c697d408411d343ca94ebc2bf0e7abf36b87013beb4f0e6d42a040b849,POST,/memory/store,https://api.babyblueviper.com,Store Memory,Store agent memory - ~2 sats per KB (min 50 sats). Bearer balance or x402 (USDC on Base).,authorization | agent_id | key | value,agent.memory,shop,provision,storage,
3bfacf3a9bc28c1ed463f471d08553c297f18cb092cbdc8a588656d4e155acaf,POST,/memory/get,https://api.babyblueviper.com,Get Memory,Retrieve agent memory - ~1 sat per KB (min 20 sats). Bearer balance or x402 (USDC on Base).,authorization | agent_id | key,agent.memory,,lookup,storage,
c740bd9f59acd50e7fbcf7ba565878f05322fe044b1b3de4a05b3a818fec2ab9,POST,/shop/x402/buy,https://x402.clashofcoins.com,Buy a Clash of Coins game shop item with x402,Canonical payable x402 route for Clash of Coins shop purchases. Use the same JSON body on the unpaid challenge request and the paid retry.,PAYMENT-SIGNATURE | nickname | address | itemId | quantity,shop.tcg_catalog,maps,provision,shop,
1bb7109c33f9ce642f3ae9f3f3e0e5d29ac8e2c434517c4dfa123bffb04b1d59,GET,/api/services,https://x402.coinopai.com,ForgeMesh service catalog — purchasable service cards,,category,shop.tcg_catalog,,lookup,shop,
d84156f89e99cfcbe20d20b4f43f425b1cb0aaf8384957e2717c3062ebf64a21,GET,/api/catalog,https://x402.coinopai.com,ForgeMesh signal safety catalog,,,shop.tcg_catalog,,lookup,devtools,
a6a7e38496351ab2bf69617d4ec18bb9c658360dc07913c3df629cd58f23f2a4,POST,/card-resolve,https://x402.agentutility.ai,Card resolver,"""Card resolver / graded card string normalizer / free-form card text → canonical card object. Takes any descriptive string ('2018 Topps Update Juan Soto RC PSA 9', '1999 Pokemon Base Set Charizard Holo PSA 10', 'MTG Black Lotus Alpha BGS 8.5') and returns a structured object: sport_or_tcg, year, set, player_or_card_name, parallel, grade, grader, cert_number. Plus a confidence score and a determinis""",card,shop.tcg_catalog,realestate,transform,shop,
8f7cb0bfc50014584638ebb70caf9cd6026e964da380a2e0f3a25fd5895f79f4,POST,/v1/media/metadata,https://api.relaystation.ai,Read or write container metadata,"""Read OR write container metadata tags (ffprobe / ffmpeg -metadata, STREAM-COPY — no re-encode). Body: { file: <source>, set?: { title?|artist?|album?|comment?|genre?|date?|track?|composer?: string|number } }. set absent → JSON { metadata: { …tags } } (read). set present → the re-tagged file in the uniform JSON output envelope (source container preserved). Unknown tag keys are ignored (only the all""",file | set,shop.tcg_catalog,shop,transform,media,
3ee7055e2817ea5d09ba377a8cd45b9002487f36ed4a8c64aa9cd983434ef256,POST,/v1/data/suverse-game-free-by-category,https://proxy.suverse.io,Free Games by Category,"""List free-to-play games in a specific genre/category such as shooter, mmorpg, strategy, card, racing, fighting or moba. Keyless FreeToGame.""",,shop.tcg_catalog,,lookup,media,
1f71b5b1e50e195d787d906d71fc2238c73569216f604feb4bed5e62a65109b2,POST,/v1/data/suverse-game-free-detail,https://proxy.suverse.io,Free Game Detail,"""Full detail for one free-to-play game by FreeToGame ID: long description, status, minimum system requirements, screenshots and publisher. Keyless.""",,shop.tcg_catalog,,lookup,media,
197bd6ef9054f6741599e7e19f8c39dbfac6ef06e3b10d0cf727a52c251515ee,POST,/v1/data/suverse-game-price-search,https://proxy.suverse.io,Game Price Search,Search games by title and get the cheapest current price plus a deal link for each match. Keyless CheapShark game lookup.,,shop.tcg_catalog,shop,search,,
29e7eb06f2efb71ad1453237543bb8e01ff4325aea7f5efd4e4d12ad68889cd6,POST,/v1/data/suverse-game-stores,https://proxy.suverse.io,Game Stores List,"""List of digital PC game stores tracked by CheapShark, with store ID, name, active flag and logo/banner images. Keyless. Use the IDs to filter deals.""",,shop.tcg_catalog,shop,lookup,,
5dd9913ef2b5ec3f47ff5999c423e176e2dedf3001b8192bb1e200be3fb7ffa8,POST,/v1/data/suverse-tcg-mtg-cards,https://proxy.suverse.io,Magic The Gathering Card Search,"""Searches Magic: The Gathering cards by name and returns matching card data (mana cost, type, rarity, set) from the magicthegathering.io API.""",,shop.tcg_catalog,,search,shop,
34457dbcf561ee322465e957f3a0fa0317aee53b44abe3a27ead836ca0956698,POST,/v1/data/suverse-tcg-pokemon-cards,https://proxy.suverse.io,Pokemon TCG Card Search,"""Searches Pokemon Trading Card Game cards by name and returns matching card metadata (set, rarity, supertype) from the Pokemon TCG API.""",,shop.tcg_catalog,,search,shop,
62887a5bd3d923dde48dd5db09d9af87a198ec17c3aef8e91ec29613d8a379a8,GET,/x402/gift-cards/search,https://api.bitrefill.com,Search gift card products,Search gift cards by query and optional country. Returns product slugs for product detail.,q | country | PAYMENT-SIGNATURE | X-Access-Token,shop.tcg_catalog,crypto,search,shop,
34d6db7fa93ab99572b809aa9912cc71a6805d72a2b7eafc135082a70b10b278,GET,/get-card,https://laso.finance,Order a USA prepaid card,"""Pay between \$5–\$1000 USDC to order a Laso Finance USA prepaid card. By default returns JSON with auth credentials and card info (for AI agents). Pass `format=html` to get an HTML redirect to the card redemption URL (for browser-based flows).  The JSON response includes a `card.status` of `""""pending""""`. Card details (number, CVV, etc.) take ~7-10 seconds to become available. Poll `getCardData` at t""",amount | format,shop.tcg_catalog,web,provision,finance,
2abb91a74bd2f4c06c4dc90a8930cf5a7072524e626147bc60bd5672eb5cde40,GET,/order-gift-card,https://laso.finance,Order a gift card,"""Pay USDC via x402 to order a gift card. First browse the catalog via `GET /search-gift-cards` to find the `laso_server_id` for the card you want, then call this endpoint with the amount and product ID.  Returns redemption details (URL, code, and/or PIN) depending on the gift card brand.""",amount | laso_server_id | country,shop.tcg_catalog,shop,provision,,
d2a0df889e5cce684fb6b4555784c54518f040d1821f1258d52bce577eeef6eb,GET,/api/tcg/card,https://2s.io,Price a single trading card.,"""Price a single trading card. Pass game (categoryId or name), set (the groupId), and productId (the TCGplayer product id, from tcg.set-prices). Returns the matching card { productId, name, number, rarity, prices:[{ subType, market, low, mid, high }], url } with every printing/subtype. 404 if the productId is not in that set. Source: TCGplayer-derived pricing via tcgcsv.com.""",game | set | productId | trial,shop.tcg_catalog,finance,lookup,shop,
